series,degree,alpha,mse,mae,mase
entregas_black,4,0.1,6031909.80065375,2246.057863445468,0.8674047514657711
entregas_ocean_plastic,6,0.1,680126.809240192,622.9862134132146,0.8857623887391677
entregas_cardjolote_black,5,10.0,1973062.0974732675,1043.175299566548,0.3439559162730241
