series,degree,alpha,mse,mae,smape
entregas_black,1,0.01,14354165.983545227,2614.5970056643096,40.62012418643133
entregas_ocean_plastic,4,0.1,979414.8170827761,820.8875208406965,38.98136794784389
entregas_cardjolote_black,4,1.0,3321551.455891528,1389.8920153285248,57.242609700065806
demanda_total_tarjetas,2,0.1,34527971.27528586,3495.6595356522203,22.16703736415619
#_de_usuarios,2,0.01,304220367.33718514,15520.140727526363,1.324767596234415
