series,degree,alpha,mse,mae,mase
entregas_black,4,0.1,6031909.800653752,2246.057863445468,0.8674047514657711
entregas_ocean_plastic,3,0.01,794523.5938388634,809.2150045724416,1.1505426605295377
entregas_cardjolote_black,1,0.01,1878453.3156961135,1103.2571759347284,0.36376612156278393
demanda_total_tarjetas,1,1.0,19228630.576115254,3167.8207321060318,1.1533607850091137
