series,t+1,t+2,t+3,t+4,t+5,t+6
entregas_black,2458.8655385671045,2000.6096134686104,3383.709389182146,2413.9629046556656,4420.929342124451,2512.826643434115
entregas_ocean_plastic,1151.1993559409716,0.0,0.0,0.0,0.0,0.0
entregas_cardjolote_black,1833.23044142029,4013.8467864513514,2581.7386300403477,3606.7092423845806,2215.099647633124,3278.3995813399956
demanda_total_tarjetas,10937.380128139714,9410.401165523026,10103.584479188197,10846.225221186822,10612.363437975448,11244.286976306372
#_de_usuarios,1203633.5982157562,1205797.7879864555,1209171.1866871268,1211135.0450117495,1214228.0626041158,1216032.6183990196
