series,t+1,t+2,t+3,t+4,t+5,t+6
entregas_black,2038.9034899647968,1123.4479344199608,2313.6324380335645,234.2366671745276,3294.5721588483066,0.0
entregas_ocean_plastic,1142.8134433276487,0.0,0.0,0.0,0.0,0.0
entregas_cardjolote_black,2167.6557233298017,2610.8517241098148,2343.411035747289,2379.9753949222422,2307.2578729514385,2334.284509546703
demanda_total_tarjetas,9500.233701442854,9064.850653631984,10852.161526602515,10185.952349392348,11876.438703156853,10999.081819097708
