Índice,demanda_total_forecast
26,24459.723473308295
27,25371.904486776453
28,25617.4465641651
29,25683.541901470035
30,25701.333530749678
31,25706.122704772104
32,25707.411860894717
33,25707.758877624678
34,25707.852288041584
35,25707.87743237969
36,25707.884200765482
37,25707.886022688417
